{
    "homogenization_score_bertscore": {
        "mean": 0.6407,
        "std": 0.004910193478876372,
        "confidence_interval_95": [
            0.6384000000000001,
            0.6427000000000002
        ],
        "samples": [
            0.646,
            0.645,
            0.639,
            0.644,
            0.648,
            0.645,
            0.638,
            0.64,
            0.641,
            0.626,
            0.635,
            0.64,
            0.64,
            0.642,
            0.646,
            0.635,
            0.643,
            0.64,
            0.644,
            0.637
        ]
    }
}