{
    "homogenization_score_bertscore": {
        "mean": 0.13605,
        "std": 0.002783433131943352,
        "confidence_interval_95": [
            0.13485,
            0.1373
        ],
        "samples": [
            0.13,
            0.137,
            0.135,
            0.136,
            0.139,
            0.142,
            0.136,
            0.138,
            0.135,
            0.142,
            0.135,
            0.134,
            0.132,
            0.134,
            0.137,
            0.135,
            0.135,
            0.135,
            0.137,
            0.137
        ]
    }
}