{
    "homogenization_score_bertscore": {
        "mean": 0.7563,
        "std": 0.0027946377224964264,
        "confidence_interval_95": [
            0.75505,
            0.7575000000000001
        ],
        "samples": [
            0.759,
            0.753,
            0.753,
            0.753,
            0.759,
            0.758,
            0.758,
            0.754,
            0.755,
            0.756,
            0.76,
            0.757,
            0.758,
            0.757,
            0.753,
            0.75,
            0.76,
            0.76,
            0.757,
            0.756
        ]
    }
}