{
    "homogenization_score_bertscore": {
        "mean": 0.75325,
        "std": 0.003589916433567782,
        "confidence_interval_95": [
            0.7516999999999999,
            0.7548
        ],
        "samples": [
            0.749,
            0.76,
            0.753,
            0.747,
            0.754,
            0.754,
            0.754,
            0.75,
            0.748,
            0.756,
            0.75,
            0.757,
            0.755,
            0.755,
            0.751,
            0.76,
            0.752,
            0.753,
            0.75,
            0.757
        ]
    }
}