{
    "homogenization_score_bertscore": {
        "mean": 0.7535000000000001,
        "std": 0.004189272013130686,
        "confidence_interval_95": [
            0.75165,
            0.7553499999999999
        ],
        "samples": [
            0.759,
            0.754,
            0.759,
            0.748,
            0.75,
            0.756,
            0.746,
            0.749,
            0.756,
            0.757,
            0.754,
            0.75,
            0.749,
            0.754,
            0.756,
            0.752,
            0.757,
            0.753,
            0.749,
            0.762
        ]
    }
}