{
    "homogenization_score_bertscore": {
        "mean": 0.6524500000000001,
        "std": 0.004842261868176901,
        "confidence_interval_95": [
            0.65035,
            0.6546000000000001
        ],
        "samples": [
            0.655,
            0.654,
            0.644,
            0.651,
            0.658,
            0.657,
            0.651,
            0.656,
            0.664,
            0.648,
            0.654,
            0.651,
            0.655,
            0.651,
            0.65,
            0.658,
            0.651,
            0.648,
            0.643,
            0.65
        ]
    }
}