{
    "homogenization_score_bertscore": {
        "mean": 0.17300000000000001,
        "std": 0.008372574275573788,
        "confidence_interval_95": [
            0.16929999999999998,
            0.17660125000000002
        ],
        "samples": [
            0.171,
            0.191,
            0.187,
            0.167,
            0.167,
            0.174,
            0.154,
            0.181,
            0.169,
            0.174,
            0.178,
            0.163,
            0.17,
            0.168,
            0.165,
            0.169,
            0.18,
            0.178,
            0.18,
            0.174
        ]
    }
}